Wk,Day,Date,Time,Home,xG,Score,xG,Away,Attendance,Venue,Referee,Match Report,Notes
1,Fri,8/16/2019,20:30 (21:30),Bayern Munich,2.7,2 2,0.9,Hertha BSC,"75,000",Allianz Arena,Harm Osmers,Match Report,
1,Sat,8/17/2019,15:30 (16:30),Dortmund,2.4,5 1,0.7,Augsburg,"81,365",Signal Iduna Park,Frank Willenborg,Match Report,
1,Sat,8/17/2019,15:30 (16:30),Leverkusen,2.7,3 2,1.2,Paderborn 07,"26,208",BayArena,Tobias Stieler,Match Report,
1,Sat,8/17/2019,15:30 (16:30),Freiburg,2.1,3 0,0.9,Mainz 05,"24,000",Schwarzwald-Stadion,Robert Hartmann,Match Report,
1,Sat,8/17/2019,15:30 (16:30),Werder Bremen,2.4,1 3,0.9,DÃ¼sseldorf,"42,100",Weserstadion,Felix Zwayer,Match Report,
1,Sat,8/17/2019,15:30 (16:30),Wolfsburg,0.8,2 1,1,KÃ¶ln,"25,099",Volkswagen Arena,Sven Jablonski,Match Report,
1,Sat,8/17/2019,18:30 (19:30),M'gladbach,1.6,0 0,0.7,Schalke 04,"54,022",Stadion im Borussia-Park,Felix Brych,Match Report,
1,Sun,8/18/2019,15:30 (16:30),Eint Frankfurt,1.2,1 0,0.6,Hoffenheim,"50,200",Commerzbank-Arena,Daniel Siebert,Match Report,
1,Sun,8/18/2019,18:00 (19:00),Union Berlin,0.6,0 4,3.2,RB Leipzig,"22,467",Stadion An der Alten FÃ¶rsterei,Markus Schmidt,Match Report,

2,Fri,8/23/2019,20:30 (21:30),KÃ¶ln,0.8,1 3,1.7,Dortmund,"50,000",RheinEnergieSTADION,Christian Dingert,Match Report,
2,Sat,8/24/2019,15:30 (16:30),Paderborn 07,1.7,1 3,2.1,Freiburg,"14,322",Benteler-Arena,Tobias Welz,Match Report,
2,Sat,8/24/2019,15:30 (16:30),Mainz 05,1.2,1 3,1.5,M'gladbach,"28,005",Opel Arena,Martin Petersen,Match Report,
2,Sat,8/24/2019,15:30 (16:30),Hoffenheim,0.7,3 2,1.2,Werder Bremen,"27,333",PreZero Arena,Sascha Stegemann,Match Report,
2,Sat,8/24/2019,15:30 (16:30),DÃ¼sseldorf,1,1 3,1.8,Leverkusen,"44,538",Merkur Spielarena,Patrick Ittrich,Match Report,
2,Sat,8/24/2019,15:30 (16:30),Augsburg,1.5,1 1,1.1,Union Berlin,"27,703",WWK Arena,Robert SchrÃ¶der,Match Report,
2,Sat,8/24/2019,18:30 (19:30),Schalke 04,0.9,0 3,1.6,Bayern Munich,"62,271",Veltins-Arena,Marco Fritz,Match Report,
2,Sun,8/25/2019,15:30 (16:30),RB Leipzig,1.5,2 1,0.9,Eint Frankfurt,"40,108",Red Bull Arena,Benjamin Cortus,Match Report,
2,Sun,8/25/2019,18:00 (19:00),Hertha BSC,1.1,0 3,1.2,Wolfsburg,"42,738",Olympiastadion Berlin,Guido Winkmann,Match Report,

3,Fri,8/30/2019,20:30 (21:30),M'gladbach,1.1,1 3,2.3,RB Leipzig,"47,327",Stadion im Borussia-Park,Sven Jablonski,Match Report,
3,Sat,8/31/2019,15:30 (16:30),Schalke 04,1,3 0,0.8,Hertha BSC,"58,875",Veltins-Arena,Tobias Stieler,Match Report,
3,Sat,8/31/2019,15:30 (16:30),Wolfsburg,0.7,1 1,0.7,Paderborn 07,"23,750",Volkswagen Arena,Daniel Schlager,Match Report,
3,Sat,8/31/2019,15:30 (16:30),Freiburg,0.8,1 2,1.4,KÃ¶ln,"24,000",Schwarzwald-Stadion,Robert Kampka,Match Report,
3,Sat,8/31/2019,15:30 (16:30),Leverkusen,0.9,0 0,0.3,Hoffenheim,"26,506",BayArena,Felix Zwayer,Match Report,
3,Sat,8/31/2019,15:30 (16:30),Bayern Munich,2.6,6 1,0.4,Mainz 05,"75,000",Allianz Arena,Markus Schmidt,Match Report,
3,Sat,8/31/2019,18:30 (19:30),Union Berlin,2.1,3 1,1.8,Dortmund,"22,012",Stadion An der Alten FÃ¶rsterei,Felix Brych,Match Report,
3,Sun,9/1/2019,15:30 (16:30),Werder Bremen,2.5,3 2,1.5,Augsburg,"40,041",Weserstadion,SÃ¶ren Storks,Match Report,
3,Sun,9/1/2019,18:00 (19:00),Eint Frankfurt,1.3,2 1,0.6,DÃ¼sseldorf,"49,800",Commerzbank-Arena,Frank Willenborg,Match Report,

4,Fri,9/13/2019,20:30 (21:30),DÃ¼sseldorf,0.6,1 1,1.5,Wolfsburg,"36,758",Merkur Spielarena,Manuel GrÃ¤fe,Match Report,
4,Sat,9/14/2019,15:30 (16:30),Augsburg,1.8,2 1,1,Eint Frankfurt,"28,513",WWK Arena,Harm Osmers,Match Report,
4,Sat,9/14/2019,15:30 (16:30),Union Berlin,1.8,1 2,2.7,Werder Bremen,"22,012",Stadion An der Alten FÃ¶rsterei,Tobias Welz,Match Report,
4,Sat,9/14/2019,15:30 (16:30),Dortmund,2.2,4 0,0.7,Leverkusen,"81,365",Signal Iduna Park,Daniel Siebert,Match Report,
4,Sat,9/14/2019,15:30 (16:30),Mainz 05,1.8,2 1,2.2,Hertha BSC,"22,798",Opel Arena,Marco Fritz,Match Report,
4,Sat,9/14/2019,15:30 (16:30),KÃ¶ln,1,0 1,2,M'gladbach,"50,000",RheinEnergieSTADION,Deniz Aytekin,Match Report,
4,Sat,9/14/2019,18:30 (19:30),RB Leipzig,1.6,1 1,1.5,Bayern Munich,"42,146",Red Bull Arena,Sascha Stegemann,Match Report,
4,Sun,9/15/2019,15:30 (16:30),Hoffenheim,1.6,0 3,1.1,Freiburg,"29,395",PreZero Arena,Guido Winkmann,Match Report,
4,Sun,9/15/2019,18:00 (19:00),Paderborn 07,1.2,1 5,2.6,Schalke 04,"15,000",Benteler-Arena,Robert SchrÃ¶der,Match Report,

5,Fri,9/20/2019,20:30 (21:30),Schalke 04,1.2,2 1,1.1,Mainz 05,"58,687",Veltins-Arena,Daniel Schlager,Match Report,
5,Sat,9/21/2019,15:30 (16:30),Leverkusen,1.6,2 0,0.2,Union Berlin,"27,430",BayArena,Robert Hartmann,Match Report,
5,Sat,9/21/2019,15:30 (16:30),Hertha BSC,1.2,2 1,1.5,Paderborn 07,"43,588",Olympiastadion Berlin,Frank Willenborg,Match Report,
5,Sat,9/21/2019,15:30 (16:30),Freiburg,1.1,1 1,1,Augsburg,"23,800",Schwarzwald-Stadion,Bastian Dankert,Match Report,
5,Sat,9/21/2019,15:30 (16:30),Bayern Munich,2.6,4 0,0.8,KÃ¶ln,"75,000",Allianz Arena,Patrick Ittrich,Match Report,
5,Sat,9/21/2019,18:30 (19:30),Werder Bremen,0.7,0 3,1.5,RB Leipzig,"40,550",Weserstadion,Tobias Stieler,Match Report,
5,Sun,9/22/2019,15:30 (16:30),M'gladbach,2.8,2 1,1,DÃ¼sseldorf,"52,413",Stadion im Borussia-Park,Christian Dingert,Match Report,
5,Sun,9/22/2019,18:00 (19:00),Eint Frankfurt,1.2,2 2,2.2,Dortmund,"51,500",Commerzbank-Arena,Markus Schmidt,Match Report,
5,Mon,9/23/2019,20:30 (21:30),Wolfsburg,1.3,1 1,0.7,Hoffenheim,"21,120",Volkswagen Arena,Benjamin Cortus,Match Report,

6,Fri,9/27/2019,20:30 (21:30),Union Berlin,0.7,1 2,1.5,Eint Frankfurt,"22,012",Stadion An der Alten FÃ¶rsterei,Sascha Stegemann,Match Report,
6,Sat,9/28/2019,15:30 (16:30),Augsburg,0.3,0 3,1.1,Leverkusen,"27,113",WWK Arena,Robert Kampka,Match Report,
6,Sat,9/28/2019,15:30 (16:30),RB Leipzig,1.6,1 3,2.5,Schalke 04,"42,146",Red Bull Arena,Manuel GrÃ¤fe,Match Report,
6,Sat,9/28/2019,15:30 (16:30),Paderborn 07,0.3,2 3,3.5,Bayern Munich,"15,000",Benteler-Arena,Felix Zwayer,Match Report,
6,Sat,9/28/2019,15:30 (16:30),Hoffenheim,1.7,0 3,2,M'gladbach,"29,030",PreZero Arena,Harm Osmers,Match Report,
6,Sat,9/28/2019,15:30 (16:30),Mainz 05,0.7,0 1,0.5,Wolfsburg,"24,303",Opel Arena,Felix Brych,Match Report,
6,Sat,9/28/2019,18:30 (19:30),Dortmund,2,2 2,1.5,Werder Bremen,"81,365",Signal Iduna Park,Deniz Aytekin,Match Report,
6,Sun,9/29/2019,15:30 (16:30),DÃ¼sseldorf,1.3,1 2,1.7,Freiburg,"39,244",Merkur Spielarena,Daniel Siebert,Match Report,
6,Sun,9/29/2019,18:00 (19:00),KÃ¶ln,0.9,0 4,1.4,Hertha BSC,"49,700",RheinEnergieSTADION,SÃ¶ren Storks,Match Report,

7,Fri,10/4/2019,20:30 (21:30),Hertha BSC,1.5,3 1,1.2,DÃ¼sseldorf,"37,128",Olympiastadion Berlin,Martin Petersen,Match Report,
7,Sat,10/5/2019,15:30 (16:30),Bayern Munich,1.5,1 2,0.8,Hoffenheim,"75,000",Allianz Arena,Tobias Stieler,Match Report,
7,Sat,10/5/2019,15:30 (16:30),Paderborn 07,1.7,1 2,2.8,Mainz 05,"14,217",Benteler-Arena,Patrick Ittrich,Match Report,
7,Sat,10/5/2019,15:30 (16:30),Leverkusen,1.3,1 1,1.7,RB Leipzig,"26,355",BayArena,Marco Fritz,Match Report,
7,Sat,10/5/2019,15:30 (16:30),Freiburg,0.4,2 2,0.8,Dortmund,"24,000",Schwarzwald-Stadion,Sven Jablonski,Match Report,
7,Sat,10/5/2019,18:30 (19:30),Schalke 04,1.7,1 1,0.6,KÃ¶ln,"61,883",Veltins-Arena,Tobias Welz,Match Report,
7,Sun,10/6/2019,13:30 (14:30),M'gladbach,3,5 1,1.4,Augsburg,"50,352",Stadion im Borussia-Park,Robert SchrÃ¶der,Match Report,
7,Sun,10/6/2019,15:30 (16:30),Wolfsburg,2.3,1 0,0.6,Union Berlin,"27,012",Volkswagen Arena,Bastian Dankert,Match Report,
7,Sun,10/6/2019,18:00 (19:00),Eint Frankfurt,2.2,2 2,1.8,Werder Bremen,"51,500",Commerzbank-Arena,Guido Winkmann,Match Report,

8,Fri,10/18/2019,20:30 (21:30),Eint Frankfurt,2.6,3 0,1.6,Leverkusen,"50,800",Commerzbank-Arena,Christian Dingert,Match Report,
8,Sat,10/19/2019,15:30 (16:30),DÃ¼sseldorf,1.3,1 0,0.2,Mainz 05,"40,660",Merkur Spielarena,Felix Zwayer,Match Report,
8,Sat,10/19/2019,15:30 (16:30),Union Berlin,1,2 0,0.5,Freiburg,"22,012",Stadion An der Alten FÃ¶rsterei,Benjamin Cortus,Match Report,
8,Sat,10/19/2019,15:30 (16:30),RB Leipzig,1.3,1 1,1.5,Wolfsburg,"39,182",Red Bull Arena,Deniz Aytekin,Match Report,
8,Sat,10/19/2019,15:30 (16:30),Augsburg,1.9,2 2,2.7,Bayern Munich,"30,660",WWK Arena,Daniel Siebert,Match Report,
8,Sat,10/19/2019,15:30 (16:30),Werder Bremen,1.1,1 1,0.5,Hertha BSC,"41,447",Weserstadion,Felix Brych,Match Report,
8,Sat,10/19/2019,18:30 (19:30),Dortmund,2.2,1 0,2.8,M'gladbach,"81,365",Signal Iduna Park,Sascha Stegemann,Match Report,
8,Sun,10/20/2019,15:30 (16:30),KÃ¶ln,2.1,3 0,0.4,Paderborn 07,"50,000",RheinEnergieSTADION,Manuel GrÃ¤fe,Match Report,
8,Sun,10/20/2019,18:00 (19:00),Hoffenheim,1.2,2 0,0.8,Schalke 04,"29,477",PreZero Arena,Robert Hartmann,Match Report,

9,Fri,10/25/2019,20:30 (21:30),Mainz 05,1.3,3 1,1.9,KÃ¶ln,"31,999",Opel Arena,Frank Willenborg,Match Report,
9,Sat,10/26/2019,15:30 (16:30),Schalke 04,1,0 0,0.4,Dortmund,"61,873",Veltins-Arena,Felix Brych,Match Report,
9,Sat,10/26/2019,15:30 (16:30),Paderborn 07,0.8,2 0,1.4,DÃ¼sseldorf,"14,182",Benteler-Arena,Bastian Dankert,Match Report,
9,Sat,10/26/2019,15:30 (16:30),Hertha BSC,2,2 3,2,Hoffenheim,"44,702",Olympiastadion Berlin,Markus Schmidt,Match Report,
9,Sat,10/26/2019,15:30 (16:30),Freiburg,1.6,2 1,2.1,RB Leipzig,"24,000",Schwarzwald-Stadion,Harm Osmers,Match Report,
9,Sat,10/26/2019,15:30 (16:30),Bayern Munich,3.5,2 1,1.6,Union Berlin,"75,000",Allianz Arena,Marco Fritz,Match Report,
9,Sat,10/26/2019,18:30 (19:30),Leverkusen,1.9,2 2,0.7,Werder Bremen,"30,210",BayArena,Martin Petersen,Match Report,
9,Sun,10/27/2019,15:30 (17:30),Wolfsburg,0.9,0 0,0.8,Augsburg,"22,630",Volkswagen Arena,Tobias Stieler,Match Report,
9,Sun,10/27/2019,18:00 (20:00),M'gladbach,1.9,4 2,1,Eint Frankfurt,"52,300",Stadion im Borussia-Park,Daniel Schlager,Match Report,

10,Fri,11/1/2019,20:30 (22:30),Hoffenheim,1.7,3 0,0.5,Paderborn 07,"23,629",PreZero Arena,Robert SchrÃ¶der,Match Report,
10,Sat,11/2/2019,15:30 (17:30),RB Leipzig,3.5,8 0,0.8,Mainz 05,"38,517",Red Bull Arena,Guido Winkmann,Match Report,
10,Sat,11/2/2019,15:30 (17:30),Eint Frankfurt,2.8,5 1,1,Bayern Munich,"51,500",Commerzbank-Arena,Markus Schmidt,Match Report,
10,Sat,11/2/2019,15:30 (17:30),Dortmund,1.8,3 0,1.6,Wolfsburg,"80,200",Signal Iduna Park,Tobias Welz,Match Report,
10,Sat,11/2/2019,15:30 (17:30),Leverkusen,2.8,1 2,2.3,M'gladbach,"30,210",BayArena,Daniel Siebert,Match Report,
10,Sat,11/2/2019,15:30 (17:30),Werder Bremen,1.8,2 2,0.8,Freiburg,"41,000",Weserstadion,Christian Dingert,Match Report,
10,Sat,11/2/2019,18:30 (20:30),Union Berlin,1.2,1 0,0.4,Hertha BSC,"22,012",Stadion An der Alten FÃ¶rsterei,Deniz Aytekin,Match Report,
10,Sun,11/3/2019,15:30 (17:30),DÃ¼sseldorf,1.8,2 0,0.7,KÃ¶ln,"51,155",Merkur Spielarena,Sven Jablonski,Match Report,
10,Sun,11/3/2019,18:00 (20:00),Augsburg,1.6,2 3,0.6,Schalke 04,"30,361",WWK Arena,Patrick Ittrich,Match Report,

11,Fri,11/8/2019,20:30 (22:30),KÃ¶ln,0.7,1 2,1.8,Hoffenheim,"49,100",RheinEnergieSTADION,Robert Kampka,Match Report,
11,Sat,11/9/2019,15:30 (17:30),Mainz 05,2,2 3,0.9,Union Berlin,"24,349",Opel Arena,Harm Osmers,Match Report,
11,Sat,11/9/2019,15:30 (17:30),Hertha BSC,0.4,2 4,2,RB Leipzig,"48,532",Olympiastadion Berlin,SÃ¶ren Storks,Match Report,
11,Sat,11/9/2019,15:30 (17:30),Schalke 04,1.7,3 3,1.7,DÃ¼sseldorf,"61,831",Veltins-Arena,Robert Hartmann,Match Report,
11,Sat,11/9/2019,15:30 (17:30),Paderborn 07,1.2,0 1,1.1,Augsburg,"13,758",Benteler-Arena,Marco Fritz,Match Report,
11,Sat,11/9/2019,18:30 (20:30),Bayern Munich,3.1,4 0,0.6,Dortmund,"75,000",Allianz Arena,Felix Zwayer,Match Report,
11,Sun,11/10/2019,13:30 (15:30),M'gladbach,1.4,3 1,1.7,Werder Bremen,"54,022",Stadion im Borussia-Park,Tobias Stieler,Match Report,
11,Sun,11/10/2019,15:30 (17:30),Wolfsburg,0.8,0 2,1.4,Leverkusen,"24,112",Volkswagen Arena,Manuel GrÃ¤fe,Match Report,
11,Sun,11/10/2019,18:00 (20:00),Freiburg,0.7,1 0,1,Eint Frankfurt,"24,000",Schwarzwald-Stadion,Felix Brych,Match Report,

12,Fri,11/22/2019,20:30 (22:30),Dortmund,2.5,3 3,1.5,Paderborn 07,"81,365",Signal Iduna Park,Christian Dingert,Match Report,
12,Sat,11/23/2019,15:30 (17:30),Union Berlin,1.6,2 0,1.1,M'gladbach,"22,012",Stadion An der Alten FÃ¶rsterei,Felix Brych,Match Report,
12,Sat,11/23/2019,15:30 (17:30),Werder Bremen,1.8,1 2,0.6,Schalke 04,"42,100",Weserstadion,Benjamin Cortus,Match Report,
12,Sat,11/23/2019,15:30 (17:30),DÃ¼sseldorf,0.8,0 4,3.4,Bayern Munich,"53,000",Merkur Spielarena,Frank Willenborg,Match Report,
12,Sat,11/23/2019,15:30 (17:30),Leverkusen,3.6,1 1,1.1,Freiburg,"29,032",BayArena,Deniz Aytekin,Match Report,
12,Sat,11/23/2019,15:30 (17:30),Eint Frankfurt,1,0 2,1.2,Wolfsburg,"50,700",Commerzbank-Arena,Daniel Siebert,Match Report,
12,Sat,11/23/2019,18:30 (20:30),RB Leipzig,2.4,4 1,0.4,KÃ¶ln,"42,036",Red Bull Arena,Robert SchrÃ¶der,Match Report,
12,Sun,11/24/2019,15:30 (17:30),Augsburg,2,4 0,0.4,Hertha BSC,"29,233",WWK Arena,Sascha Stegemann,Match Report,
12,Sun,11/24/2019,18:00 (20:00),Hoffenheim,2.2,1 5,2.1,Mainz 05,"23,129",PreZero Arena,Bastian Dankert,Match Report,

13,Fri,11/29/2019,20:30 (22:30),Schalke 04,1.6,2 1,1.8,Union Berlin,"61,837",Veltins-Arena,Daniel Schlager,Match Report,
13,Sat,11/30/2019,15:30 (17:30),Hoffenheim,1.7,1 1,1,DÃ¼sseldorf,"25,427",PreZero Arena,Martin Petersen,Match Report,
13,Sat,11/30/2019,15:30 (17:30),Hertha BSC,1.1,1 2,1.2,Dortmund,"74,667",Olympiastadion Berlin,Sven Jablonski,Match Report,
13,Sat,11/30/2019,15:30 (17:30),Paderborn 07,1.8,2 3,2.1,RB Leipzig,"13,253",Benteler-Arena,Bibiana Steinhaus,Match Report,
13,Sat,11/30/2019,15:30 (17:30),KÃ¶ln,1.4,1 1,1.9,Augsburg,"49,200",RheinEnergieSTADION,Tobias Stieler,Match Report,
13,Sat,11/30/2019,18:30 (20:30),Bayern Munich,2.4,1 2,1.1,Leverkusen,"75,000",Allianz Arena,Guido Winkmann,Match Report,
13,Sun,12/1/2019,15:30 (17:30),M'gladbach,4.8,4 2,1.5,Freiburg,"51,080",Stadion im Borussia-Park,Felix Zwayer,Match Report,
13,Sun,12/1/2019,18:00 (20:00),Wolfsburg,2.2,2 3,1.4,Werder Bremen,"26,012",Volkswagen Arena,Robert Kampka,Match Report,
13,Mon,12/2/2019,20:30 (22:30),Mainz 05,2,2 1,1,Eint Frankfurt,"33,134",Opel Arena,Manuel GrÃ¤fe,Match Report,

14,Fri,12/6/2019,20:30 (22:30),Eint Frankfurt,2.8,2 2,1.2,Hertha BSC,"50,000",Commerzbank-Arena,Christian Dingert,Match Report,
14,Sat,12/7/2019,15:30 (17:30),M'gladbach,1.3,2 1,1.7,Bayern Munich,"54,022",Stadion im Borussia-Park,Marco Fritz,Match Report,
14,Sat,12/7/2019,15:30 (17:30),Dortmund,3.2,5 0,0.1,DÃ¼sseldorf,"81,365",Signal Iduna Park,Daniel Siebert,Match Report,
14,Sat,12/7/2019,15:30 (17:30),Freiburg,0.5,1 0,1.2,Wolfsburg,"23,800",Schwarzwald-Stadion,Bastian Dankert,Match Report,
14,Sat,12/7/2019,15:30 (17:30),Augsburg,3.3,2 1,0.5,Mainz 05,"26,950",WWK Arena,Markus Schmidt,Match Report,
14,Sat,12/7/2019,15:30 (17:30),RB Leipzig,3.7,3 1,1.4,Hoffenheim,"38,407",Red Bull Arena,Deniz Aytekin,Match Report,
14,Sat,12/7/2019,18:30 (20:30),Leverkusen,2.2,2 1,1.2,Schalke 04,"30,210",BayArena,Harm Osmers,Match Report,
14,Sun,12/8/2019,15:30 (17:30),Union Berlin,1.9,2 0,1.1,KÃ¶ln,"22,012",Stadion An der Alten FÃ¶rsterei,Patrick Ittrich,Match Report,
14,Sun,12/8/2019,18:00 (20:00),Werder Bremen,0.9,0 1,1.2,Paderborn 07,"39,870",Weserstadion,Sascha Stegemann,Match Report,

15,Fri,12/13/2019,20:30 (22:30),Hoffenheim,2.1,2 4,2.2,Augsburg,"23,309",PreZero Arena,Bibiana Steinhaus,Match Report,
15,Sat,12/14/2019,15:30 (17:30),Mainz 05,0.2,0 4,1.3,Dortmund,"33,305",Opel Arena,Benjamin Cortus,Match Report,
15,Sat,12/14/2019,15:30 (17:30),Bayern Munich,5,6 1,0.5,Werder Bremen,"75,000",Allianz Arena,Robert SchrÃ¶der,Match Report,
15,Sat,12/14/2019,15:30 (17:30),Paderborn 07,1,1 1,1.4,Union Berlin,"14,414",Benteler-Arena,Sven Jablonski,Match Report,
15,Sat,12/14/2019,15:30 (17:30),KÃ¶ln,1.6,2 0,0.2,Leverkusen,"49,500",RheinEnergieSTADION,Manuel GrÃ¤fe,Match Report,
15,Sat,12/14/2019,15:30 (17:30),Hertha BSC,0.7,1 0,0.9,Freiburg,"37,343",Olympiastadion Berlin,Frank Willenborg,Match Report,
15,Sat,12/14/2019,18:30 (20:30),DÃ¼sseldorf,0.2,0 3,3.4,RB Leipzig,"35,387",Merkur Spielarena,Robert Hartmann,Match Report,
15,Sun,12/15/2019,15:30 (17:30),Wolfsburg,1.2,2 1,0.4,M'gladbach,"25,580",Volkswagen Arena,Felix Brych,Match Report,
15,Sun,12/15/2019,18:00 (20:00),Schalke 04,1.1,1 0,0.8,Eint Frankfurt,"60,811",Veltins-Arena,Felix Zwayer,Match Report,

16,Tue,12/17/2019,18:30 (20:30),Werder Bremen,1,0 5,2.9,Mainz 05,"37,720",Weserstadion,Frank Willenborg,Match Report,
16,Tue,12/17/2019,20:30 (22:30),Augsburg,1.3,3 0,0.5,DÃ¼sseldorf,"27,763",WWK Arena,Marco Fritz,Match Report,
16,Tue,12/17/2019,20:30 (22:30),Union Berlin,1.4,0 2,0.8,Hoffenheim,"20,350",Stadion An der Alten FÃ¶rsterei,SÃ¶ren Storks,Match Report,
16,Tue,12/17/2019,20:30 (22:30),Dortmund,1.2,3 3,2.6,RB Leipzig,"80,200",Signal Iduna Park,Tobias Stieler,Match Report,
16,Wed,12/18/2019,18:30 (20:30),Leverkusen,1,0 1,1.4,Hertha BSC,"24,472",BayArena,Bastian Dankert,Match Report,
16,Wed,12/18/2019,20:30 (22:30),Wolfsburg,2.4,1 1,1.2,Schalke 04,"24,651",Volkswagen Arena,Martin Petersen,Match Report,
16,Wed,12/18/2019,20:30 (22:30),Eint Frankfurt,1.3,2 4,2.5,KÃ¶ln,"50,300",Commerzbank-Arena,Deniz Aytekin,Match Report,
16,Wed,12/18/2019,20:30 (22:30),M'gladbach,2.8,2 0,0.6,Paderborn 07,"44,494",Stadion im Borussia-Park,Robert Kampka,Match Report,
16,Wed,12/18/2019,20:30 (22:30),Freiburg,1.6,1 3,3.4,Bayern Munich,"24,000",Schwarzwald-Stadion,Sascha Stegemann,Match Report,

17,Fri,12/20/2019,20:30 (22:30),Hoffenheim,1.3,2 1,1.4,Dortmund,"30,150",PreZero Arena,Felix Zwayer,Match Report,
17,Sat,12/21/2019,15:30 (17:30),RB Leipzig,3.3,3 1,0.4,Augsburg,"40,562",Red Bull Arena,Daniel Siebert,Match Report,
17,Sat,12/21/2019,15:30 (17:30),Bayern Munich,1.3,2 0,0.9,Wolfsburg,"75,000",Allianz Arena,Christian Dingert,Match Report,
17,Sat,12/21/2019,15:30 (17:30),Mainz 05,1.9,0 1,1.5,Leverkusen,"24,345",Opel Arena,Patrick Ittrich,Match Report,
17,Sat,12/21/2019,15:30 (17:30),Schalke 04,1.7,2 2,2.8,Freiburg,"61,867",Veltins-Arena,Felix Brych,Match Report,
17,Sat,12/21/2019,15:30 (17:30),KÃ¶ln,1.1,1 0,0.2,Werder Bremen,"50,000",RheinEnergieSTADION,Daniel Schlager,Match Report,
17,Sat,12/21/2019,18:30 (20:30),Hertha BSC,0.6,0 0,0.9,M'gladbach,"50,208",Olympiastadion Berlin,Harm Osmers,Match Report,
17,Sun,12/22/2019,15:30 (17:30),DÃ¼sseldorf,1.1,2 1,2,Union Berlin,"45,490",Merkur Spielarena,Benjamin Cortus,Match Report,
17,Sun,12/22/2019,18:00 (20:00),Paderborn 07,3,2 1,2.1,Eint Frankfurt,"15,000",Benteler-Arena,Markus Schmidt,Match Report,

18,Fri,1/17/2020,20:30 (22:30),Schalke 04,1.7,2 0,0.9,M'gladbach,"62,271",Veltins-Arena,Deniz Aytekin,Match Report,
18,Sat,1/18/2020,15:30 (17:30),DÃ¼sseldorf,1.3,0 1,0.9,Werder Bremen,"46,000",Merkur Spielarena,Felix Brych,Match Report,
18,Sat,1/18/2020,15:30 (17:30),Augsburg,1.7,3 5,4.6,Dortmund,"30,660",WWK Arena,Manuel GrÃ¤fe,Match Report,
18,Sat,1/18/2020,15:30 (17:30),Mainz 05,2.5,1 2,1.6,Freiburg,"23,138",Opel Arena,Sven Jablonski,Match Report,
18,Sat,1/18/2020,15:30 (17:30),Hoffenheim,1,1 2,1.5,Eint Frankfurt,"29,610",PreZero Arena,Sascha Stegemann,Match Report,
18,Sat,1/18/2020,15:30 (17:30),KÃ¶ln,1.6,3 1,1.8,Wolfsburg,"49,100",RheinEnergieSTADION,Marco Fritz,Match Report,
18,Sat,1/18/2020,18:30 (20:30),RB Leipzig,2.1,3 1,1.5,Union Berlin,"42,146",Red Bull Arena,Bastian Dankert,Match Report,
18,Sun,1/19/2020,15:30 (17:30),Hertha BSC,0.7,0 4,2.3,Bayern Munich,"74,667",Olympiastadion Berlin,Tobias Stieler,Match Report,
18,Sun,1/19/2020,18:00 (20:00),Paderborn 07,1.3,1 4,2.2,Leverkusen,"14,889",Benteler-Arena,Daniel Siebert,Match Report,

19,Fri,1/24/2020,20:30 (22:30),Dortmund,2.6,5 1,1.3,KÃ¶ln,"81,365",Signal Iduna Park,Harm Osmers,Match Report,
19,Sat,1/25/2020,15:30 (17:30),M'gladbach,2.3,3 1,0.7,Mainz 05,"49,175",Stadion im Borussia-Park,Felix Zwayer,Match Report,
19,Sat,1/25/2020,15:30 (17:30),Eint Frankfurt,1.1,2 0,1.3,RB Leipzig,"50,300",Commerzbank-Arena,Daniel Siebert,Match Report,
19,Sat,1/25/2020,15:30 (17:30),Freiburg,1.5,0 2,1.9,Paderborn 07,"23,500",Schwarzwald-Stadion,Christian Dingert,Match Report,
19,Sat,1/25/2020,15:30 (17:30),Wolfsburg,1.3,1 2,1.7,Hertha BSC,"24,894",Volkswagen Arena,Markus Schmidt,Match Report,
19,Sat,1/25/2020,15:30 (17:30),Union Berlin,1.1,2 0,1.9,Augsburg,"22,012",Stadion An der Alten FÃ¶rsterei,Bibiana Steinhaus,Match Report,
19,Sat,1/25/2020,18:30 (20:30),Bayern Munich,3.3,5 0,0.5,Schalke 04,"75,000",Allianz Arena,Manuel GrÃ¤fe,Match Report,
19,Sun,1/26/2020,15:30 (17:30),Werder Bremen,0.8,0 3,1,Hoffenheim,"40,000",Weserstadion,Martin Petersen,Match Report,
19,Sun,1/26/2020,18:00 (20:00),Leverkusen,3.7,3 0,0.8,DÃ¼sseldorf,"26,250",BayArena,Daniel Schlager,Match Report,

20,Fri,1/31/2020,20:30 (22:30),Hertha BSC,0.4,0 0,0.7,Schalke 04,"47,863",Olympiastadion Berlin,Sascha Stegemann,Match Report,
20,Sat,2/1/2020,15:30 (17:30),Hoffenheim,2.8,2 1,2.4,Leverkusen,"24,489",PreZero Arena,Deniz Aytekin,Match Report,
20,Sat,2/1/2020,15:30 (17:30),Augsburg,1.4,2 1,0.5,Werder Bremen,"29,432",WWK Arena,Marco Fritz,Match Report,
20,Sat,2/1/2020,15:30 (17:30),DÃ¼sseldorf,0.3,1 1,1,Eint Frankfurt,"45,018",Merkur Spielarena,Frank Willenborg,Match Report,
20,Sat,2/1/2020,15:30 (17:30),Mainz 05,0.4,1 3,1.7,Bayern Munich,"33,305",Opel Arena,Bastian Dankert,Match Report,
20,Sat,2/1/2020,15:30 (17:30),Dortmund,3.5,5 0,0.3,Union Berlin,"81,365",Signal Iduna Park,Benjamin Cortus,Match Report,
20,Sat,2/1/2020,18:30 (20:30),RB Leipzig,1.5,2 2,1.1,M'gladbach,"42,146",Red Bull Arena,Tobias Stieler,Match Report,
20,Sun,2/2/2020,15:30 (17:30),KÃ¶ln,3.7,4 0,0.9,Freiburg,"50,000",RheinEnergieSTADION,Robert Kampka,Match Report,
20,Sun,2/2/2020,18:00 (20:00),Paderborn 07,1,2 4,1.5,Wolfsburg,"13,926",Benteler-Arena,Patrick Ittrich,Match Report,

21,Fri,2/7/2020,20:30 (22:30),Eint Frankfurt,2.4,5 0,0.7,Augsburg,"48,800",Commerzbank-Arena,Manuel GrÃ¤fe,Match Report,
21,Sat,2/8/2020,15:30 (17:30),Werder Bremen,1.3,0 2,1.5,Union Berlin,"42,100",Weserstadion,Daniel Schlager,Match Report,
21,Sat,2/8/2020,15:30 (17:30),Schalke 04,1.3,1 1,0.8,Paderborn 07,"61,614",Veltins-Arena,Felix Brych,Match Report,
21,Sat,2/8/2020,15:30 (17:30),Hertha BSC,0.8,1 3,2.3,Mainz 05,"35,049",Olympiastadion Berlin,Martin Petersen,Match Report,
21,Sat,2/8/2020,15:30 (17:30),Freiburg,1.7,1 0,1.5,Hoffenheim,"24,000",Schwarzwald-Stadion,Sven Jablonski,Match Report,
21,Sat,2/8/2020,15:30 (17:30),Wolfsburg,1,1 1,0.9,DÃ¼sseldorf,"23,445",Volkswagen Arena,Tobias Stieler,Match Report,
21,Sat,2/8/2020,18:30 (20:30),Leverkusen,1.5,4 3,0.8,Dortmund,"30,210",BayArena,Markus Schmidt,Match Report,
21,Sun,2/9/2020,18:00 (20:00),Bayern Munich,1.6,0 0,1.2,RB Leipzig,"75,000",Allianz Arena,Marco Fritz,Match Report,

22,Fri,2/14/2020,20:30 (22:30),Dortmund,1.3,4 0,0,Eint Frankfurt,"81,365",Signal Iduna Park,Bastian Dankert,Match Report,
22,Sat,2/15/2020,15:30 (17:30),Union Berlin,1.5,2 3,1.2,Leverkusen,"22,012",Stadion An der Alten FÃ¶rsterei,Harm Osmers,Match Report,
22,Sat,2/15/2020,15:30 (17:30),Augsburg,0.9,1 1,1.2,Freiburg,"26,822",WWK Arena,Patrick Ittrich,Match Report,
22,Sat,2/15/2020,15:30 (17:30),RB Leipzig,1.4,3 0,0.3,Werder Bremen,"41,308",Red Bull Arena,Benjamin Cortus,Match Report,
22,Sat,2/15/2020,15:30 (17:30),Paderborn 07,0.9,1 2,2,Hertha BSC,"14,687",Benteler-Arena,Bibiana Steinhaus,Match Report,
22,Sat,2/15/2020,15:30 (17:30),Hoffenheim,2.4,2 3,2.8,Wolfsburg,"22,506",PreZero Arena,SÃ¶ren Storks,Match Report,
22,Sat,2/15/2020,18:30 (20:30),DÃ¼sseldorf,1.1,1 4,2.6,M'gladbach,"51,000",Merkur Spielarena,Daniel Siebert,Match Report,
22,Sun,2/16/2020,15:30 (17:30),KÃ¶ln,2.5,1 4,2.5,Bayern Munich,"50,000",RheinEnergieSTADION,Felix Zwayer,Match Report,
22,Sun,2/16/2020,18:00 (20:00),Mainz 05,1.5,0 0,0.9,Schalke 04,"27,482",Opel Arena,Guido Winkmann,Match Report,

23,Fri,2/21/2020,20:30 (22:30),Bayern Munich,3,3 2,1.4,Paderborn 07,"75,000",Allianz Arena,Markus Schmidt,Match Report,
23,Sat,2/22/2020,15:30 (17:30),M'gladbach,2.6,1 1,1.8,Hoffenheim,"50,250",Stadion im Borussia-Park,Felix Brych,Match Report,
23,Sat,2/22/2020,15:30 (17:30),Hertha BSC,0.5,0 5,2.6,KÃ¶ln,"46,207",Olympiastadion Berlin,Daniel Schlager,Match Report,
23,Sat,2/22/2020,15:30 (17:30),Werder Bremen,0.3,0 2,1,Dortmund,"42,100",Weserstadion,Marco Fritz,Match Report,
23,Sat,2/22/2020,15:30 (17:30),Freiburg,1,0 2,0.9,DÃ¼sseldorf,"24,000",Schwarzwald-Stadion,Frank Willenborg,Match Report,
23,Sat,2/22/2020,18:30 (20:30),Schalke 04,0.2,0 5,2.4,RB Leipzig,"61,433",Veltins-Arena,Sascha Stegemann,Match Report,
23,Sun,2/23/2020,15:30 (17:30),Leverkusen,0.9,2 0,0.6,Augsburg,"23,703",BayArena,Sven Jablonski,Match Report,
23,Sun,2/23/2020,18:00 (20:00),Wolfsburg,2.7,4 0,1.1,Mainz 05,"21,058",Volkswagen Arena,Benjamin Cortus,Match Report,
23,Mon,2/24/2020,20:30 (22:30),Eint Frankfurt,2,1 2,1.6,Union Berlin,"47,000",Commerzbank-Arena,Deniz Aytekin,Match Report,

24,Fri,2/28/2020,20:30 (22:30),DÃ¼sseldorf,1.3,3 3,2.8,Hertha BSC,"31,632",Merkur Spielarena,Tobias Stieler,Match Report,
24,Sat,2/29/2020,15:30 (17:30),Dortmund,1.8,1 0,1.3,Freiburg,"81,365",Signal Iduna Park,Robert Hartmann,Match Report,
24,Sat,2/29/2020,15:30 (17:30),Mainz 05,0.9,2 0,0.6,Paderborn 07,"24,231",Opel Arena,Harm Osmers,Match Report,
24,Sat,2/29/2020,15:30 (17:30),Hoffenheim,0.4,0 6,3.4,Bayern Munich,"30,150",PreZero Arena,Christian Dingert,Match Report,
24,Sat,2/29/2020,15:30 (17:30),Augsburg,1.1,2 3,2.6,M'gladbach,"29,303",WWK Arena,Markus Schmidt,Match Report,
24,Sat,2/29/2020,18:30 (20:30),KÃ¶ln,0.9,3 0,0.8,Schalke 04,"50,000",RheinEnergieSTADION,Manuel GrÃ¤fe,Match Report,
24,Sun,3/1/2020,13:30 (15:30),Union Berlin,0.5,2 2,1.1,Wolfsburg,"22,012",Stadion An der Alten FÃ¶rsterei,Bastian Dankert,Match Report,
24,Sun,3/1/2020,15:30 (17:30),RB Leipzig,0.6,1 1,1.4,Leverkusen,"41,216",Red Bull Arena,Felix Zwayer,Match Report,

25,Fri,3/6/2020,20:00 (22:00),Paderborn 07,0.7,1 2,2.4,KÃ¶ln,"15,000",Benteler-Arena,Daniel Siebert,Match Report,
25,Sat,3/7/2020,15:30 (17:30),Hertha BSC,1,2 2,1,Werder Bremen,"58,028",Olympiastadion Berlin,Guido Winkmann,Match Report,
25,Sat,3/7/2020,15:30 (17:30),Leverkusen,2.5,4 0,0.9,Eint Frankfurt,"30,210",BayArena,Felix Brych,Match Report,
25,Sat,3/7/2020,15:30 (17:30),Schalke 04,0.8,1 1,0.7,Hoffenheim,"58,324",Veltins-Arena,Sven Jablonski,Match Report,
25,Sat,3/7/2020,15:30 (17:30),Freiburg,0.8,3 1,0.7,Union Berlin,"24,000",Schwarzwald-Stadion,Marco Fritz,Match Report,
25,Sat,3/7/2020,15:30 (17:30),Wolfsburg,0.8,0 0,1.2,RB Leipzig,"27,195",Volkswagen Arena,Daniel Schlager,Match Report,
25,Sat,3/7/2020,18:30 (20:30),M'gladbach,1.9,1 2,0.8,Dortmund,"53,877",Stadion im Borussia-Park,Sascha Stegemann,Match Report,
25,Sun,3/8/2020,15:30 (17:30),Bayern Munich,2.8,2 0,0.8,Augsburg,"75,000",Allianz Arena,Bibiana Steinhaus,Match Report,
25,Sun,3/8/2020,18:00 (20:00),Mainz 05,0.8,1 1,2,DÃ¼sseldorf,"21,409",Opel Arena,Harm Osmers,Match Report,

21,Wed,3/11/2020,18:30 (20:30),M'gladbach,0.9,2 1,0.9,KÃ¶ln,,Stadion im Borussia-Park,Deniz Aytekin,Match Report,

26,Sat,5/16/2020,15:30 (16:30),Dortmund,1.7,4 0,0.6,Schalke 04,,Signal Iduna Park,Deniz Aytekin,Match Report,
26,Sat,5/16/2020,15:30 (16:30),Augsburg,1.2,1 2,1.5,Wolfsburg,,WWK Arena,Felix Brych,Match Report,
26,Sat,5/16/2020,15:30 (16:30),Hoffenheim,2.6,0 3,1.5,Hertha BSC,,PreZero Arena,Christian Dingert,Match Report,
26,Sat,5/16/2020,15:30 (16:30),DÃ¼sseldorf,0.8,0 0,0.7,Paderborn 07,,Merkur Spielarena,Frank Willenborg,Match Report,
26,Sat,5/16/2020,15:30 (16:30),RB Leipzig,2.1,1 1,0.3,Freiburg,,Red Bull Arena,Manuel GrÃ¤fe,Match Report,
26,Sat,5/16/2020,18:30 (19:30),Eint Frankfurt,1.1,1 3,3.3,M'gladbach,,Commerzbank-Arena,Felix Zwayer,Match Report,
26,Sun,5/17/2020,15:30 (16:30),KÃ¶ln,2.4,2 2,2.1,Mainz 05,,RheinEnergieSTADION,Guido Winkmann,Match Report,
26,Sun,5/17/2020,18:00 (19:00),Union Berlin,0.5,0 2,1.5,Bayern Munich,,Stadion An der Alten FÃ¶rsterei,Bastian Dankert,Match Report,
26,Mon,5/18/2020,20:30 (21:30),Werder Bremen,1.2,1 4,1.7,Leverkusen,,Weserstadion,Tobias Stieler,Match Report,

27,Fri,5/22/2020,20:30 (21:30),Hertha BSC,,,,Union Berlin,,Olympiastadion Berlin,,,
27,Sat,5/23/2020,15:30 (16:30),Wolfsburg,,,,Dortmund,,Volkswagen Arena,,,
27,Sat,5/23/2020,15:30 (16:30),M'gladbach,,,,Leverkusen,,Stadion im Borussia-Park,,,
27,Sat,5/23/2020,15:30 (16:30),Freiburg,,,,Werder Bremen,,Schwarzwald-Stadion,,,
27,Sat,5/23/2020,15:30 (16:30),Paderborn 07,,,,Hoffenheim,,Benteler-Arena,,,
27,Sat,5/23/2020,18:30 (19:30),Bayern Munich,,,,Eint Frankfurt,,Allianz Arena,,,
27,Sun,5/24/2020,13:30 (14:30),Schalke 04,,,,Augsburg,,Veltins-Arena,,,
27,Sun,5/24/2020,15:30 (16:30),Mainz 05,,,,RB Leipzig,,Opel Arena,,,
27,Sun,5/24/2020,18:00 (19:00),KÃ¶ln,,,,DÃ¼sseldorf,,RheinEnergieSTADION,,,

28,Tue,5/26/2020,18:30 (19:30),Dortmund,,,,Bayern Munich,,Signal Iduna Park,,,
28,Tue,5/26/2020,20:30 (21:30),Eint Frankfurt,,,,Freiburg,,Commerzbank-Arena,,,
28,Tue,5/26/2020,20:30 (21:30),Leverkusen,,,,Wolfsburg,,BayArena,,,
28,Tue,5/26/2020,20:30 (21:30),Werder Bremen,,,,M'gladbach,,Weserstadion,,,
28,Wed,5/27/2020,18:30 (19:30),RB Leipzig,,,,Hertha BSC,,Red Bull Arena,,,
28,Wed,5/27/2020,20:30 (21:30),Union Berlin,,,,Mainz 05,,Stadion An der Alten FÃ¶rsterei,,,
28,Wed,5/27/2020,20:30 (21:30),Hoffenheim,,,,KÃ¶ln,,PreZero Arena,,,
28,Wed,5/27/2020,20:30 (21:30),Augsburg,,,,Paderborn 07,,WWK Arena,,,
28,Wed,5/27/2020,20:30 (21:30),DÃ¼sseldorf,,,,Schalke 04,,Merkur Spielarena,,,

29,Fri,5/29/2020,20:30 (21:30),Freiburg,,,,Leverkusen,,Schwarzwald-Stadion,,,
29,Sat,5/30/2020,15:30 (16:30),Wolfsburg,,,,Eint Frankfurt,,Volkswagen Arena,,,
29,Sat,5/30/2020,15:30 (16:30),Hertha BSC,,,,Augsburg,,Olympiastadion Berlin,,,
29,Sat,5/30/2020,15:30 (16:30),Schalke 04,,,,Werder Bremen,,Veltins-Arena,,,
29,Sat,5/30/2020,15:30 (16:30),Mainz 05,,,,Hoffenheim,,Opel Arena,,,
29,Sat,5/30/2020,18:30 (19:30),Bayern Munich,,,,DÃ¼sseldorf,,Allianz Arena,,,
29,Sun,5/31/2020,15:30 (16:30),M'gladbach,,,,Union Berlin,,Stadion im Borussia-Park,,,
29,Sun,5/31/2020,18:00 (19:00),Paderborn 07,,,,Dortmund,,Benteler-Arena,,,
29,Mon,6/1/2020,20:30 (21:30),KÃ¶ln,,,,RB Leipzig,,RheinEnergieSTADION,,,

24,Tue,6/2/2020,20:30 (21:30),Werder Bremen,,,,Eint Frankfurt,,Weserstadion,,,

30,Mon,6/8/2020,,RB Leipzig,,,,Paderborn 07,,Red Bull Arena,,,
30,Mon,6/8/2020,,Leverkusen,,,,Bayern Munich,,BayArena,,,
30,Mon,6/8/2020,,DÃ¼sseldorf,,,,Hoffenheim,,Merkur Spielarena,,,
30,Mon,6/8/2020,,Union Berlin,,,,Schalke 04,,Stadion An der Alten FÃ¶rsterei,,,
30,Mon,6/8/2020,,Dortmund,,,,Hertha BSC,,Signal Iduna Park,,,
30,Mon,6/8/2020,,Freiburg,,,,M'gladbach,,Schwarzwald-Stadion,,,
30,Mon,6/8/2020,,Augsburg,,,,KÃ¶ln,,WWK Arena,,,
30,Mon,6/8/2020,,Werder Bremen,,,,Wolfsburg,,Weserstadion,,,
30,Mon,6/8/2020,,Eint Frankfurt,,,,Mainz 05,,Commerzbank-Arena,,,

31,Sun,6/14/2020,,Schalke 04,,,,Leverkusen,,Veltins-Arena,,,
31,Sun,6/14/2020,,Paderborn 07,,,,Werder Bremen,,Benteler-Arena,,,
31,Sun,6/14/2020,,KÃ¶ln,,,,Union Berlin,,RheinEnergieSTADION,,,
31,Sun,6/14/2020,,Mainz 05,,,,Augsburg,,Opel Arena,,,
31,Sun,6/14/2020,,Wolfsburg,,,,Freiburg,,Volkswagen Arena,,,
31,Sun,6/14/2020,,Hertha BSC,,,,Eint Frankfurt,,Olympiastadion Berlin,,,
31,Sun,6/14/2020,,Hoffenheim,,,,RB Leipzig,,PreZero Arena,,,
31,Sun,6/14/2020,,DÃ¼sseldorf,,,,Dortmund,,Merkur Spielarena,,,
31,Sun,6/14/2020,,Bayern Munich,,,,M'gladbach,,Allianz Arena,,,

32,Wed,6/17/2020,,Eint Frankfurt,,,,Schalke 04,,Commerzbank-Arena,,,
32,Wed,6/17/2020,,Union Berlin,,,,Paderborn 07,,Stadion An der Alten FÃ¶rsterei,,,
32,Wed,6/17/2020,,Freiburg,,,,Hertha BSC,,Schwarzwald-Stadion,,,
32,Wed,6/17/2020,,M'gladbach,,,,Wolfsburg,,Stadion im Borussia-Park,,,
32,Wed,6/17/2020,,Augsburg,,,,Hoffenheim,,WWK Arena,,,
32,Wed,6/17/2020,,RB Leipzig,,,,DÃ¼sseldorf,,Red Bull Arena,,,
32,Wed,6/17/2020,,Leverkusen,,,,KÃ¶ln,,BayArena,,,
32,Wed,6/17/2020,,Dortmund,,,,Mainz 05,,Signal Iduna Park,,,
32,Wed,6/17/2020,,Werder Bremen,,,,Bayern Munich,,Weserstadion,,,

33,Sat,6/20/2020,15:30 (16:30),RB Leipzig,,,,Dortmund,,Red Bull Arena,,,
33,Sat,6/20/2020,15:30 (16:30),Hoffenheim,,,,Union Berlin,,PreZero Arena,,,
33,Sat,6/20/2020,15:30 (16:30),Hertha BSC,,,,Leverkusen,,Olympiastadion Berlin,,,
33,Sat,6/20/2020,15:30 (16:30),Schalke 04,,,,Wolfsburg,,Veltins-Arena,,,
33,Sat,6/20/2020,15:30 (16:30),Paderborn 07,,,,M'gladbach,,Benteler-Arena,,,
33,Sat,6/20/2020,15:30 (16:30),Mainz 05,,,,Werder Bremen,,Opel Arena,,,
33,Sat,6/20/2020,15:30 (16:30),DÃ¼sseldorf,,,,Augsburg,,Merkur Spielarena,,,
33,Sat,6/20/2020,15:30 (16:30),Bayern Munich,,,,Freiburg,,Allianz Arena,,,
33,Sat,6/20/2020,15:30 (16:30),KÃ¶ln,,,,Eint Frankfurt,,RheinEnergieSTADION,,,

34,Sat,6/27/2020,15:30 (16:30),Leverkusen,,,,Mainz 05,,BayArena,,,
34,Sat,6/27/2020,15:30 (16:30),M'gladbach,,,,Hertha BSC,,Stadion im Borussia-Park,,,
34,Sat,6/27/2020,15:30 (16:30),Eint Frankfurt,,,,Paderborn 07,,Commerzbank-Arena,,,
34,Sat,6/27/2020,15:30 (16:30),Augsburg,,,,RB Leipzig,,WWK Arena,,,
34,Sat,6/27/2020,15:30 (16:30),Freiburg,,,,Schalke 04,,Schwarzwald-Stadion,,,
34,Sat,6/27/2020,15:30 (16:30),Dortmund,,,,Hoffenheim,,Signal Iduna Park,,,
34,Sat,6/27/2020,15:30 (16:30),Union Berlin,,,,DÃ¼sseldorf,,Stadion An der Alten FÃ¶rsterei,,,
34,Sat,6/27/2020,15:30 (16:30),Werder Bremen,,,,KÃ¶ln,,Weserstadion,,,
34,Sat,6/27/2020,15:30 (16:30),Wolfsburg,,,,Bayern Munich,,Volkswagen Arena,,,
